Time,Auto/Man,Temperature Inside,Humidity Inside
2021-04-01 15:43:26,Manual,23.0,62.0
2021-04-01 15:44:46,Manual,23.0,54.0
2021-04-01 15:45:50,Automatic,23.0,57.0
2021-04-01 15:50:42,Automatic,23.0,62.0
2021-04-01 15:55:44,Automatic,23.0,53.0
2021-04-01 16:00:44,Automatic,22.0,54.0
2021-04-01 16:03:00,Automatic,22.0,62.0
2021-04-01 16:05:42,Automatic,11.0,155.0
2021-04-01 16:10:42,Automatic,22.0,54.0
2021-04-01 16:15:42,Automatic,22.0,54.0
2021-04-01 16:25:52,Automatic,22.0,54.0
2021-04-01 16:30:52,Automatic,22.0,62.0
2021-04-01 16:35:51,Automatic,23.0,61.0
2021-04-01 16:40:44,Automatic,23.0,53.0
2021-04-01 16:45:49,Automatic,23.0,61.0
2021-04-01 16:50:49,Automatic,23.0,61.0
2021-04-01 16:55:44,Automatic,23.0,52.0
2021-04-01 17:00:41,Automatic,23.0,60.0
2021-04-01 17:05:42,Automatic,23.0,53.0
2021-04-01 17:10:41,Automatic,23.0,54.0
2021-04-01 17:15:41,Automatic,24.0,53.0
2021-04-01 17:20:41,Automatic,24.0,54.0
2021-04-01 17:25:41,Automatic,24.0,52.0
2021-04-01 17:30:49,Automatic,24.0,59.0
2021-04-01 17:35:42,Automatic,24.0,59.0
2021-04-01 17:40:42,Automatic,24.0,53.0
2021-04-01 17:45:41,Automatic,24.0,53.0
2021-04-01 17:50:41,Automatic,24.0,52.0
2021-04-01 17:55:41,Automatic,24.0,53.0
2021-04-01 18:00:41,Automatic,24.0,53.0
2021-04-01 18:05:49,Automatic,24.0,60.0
2021-04-01 18:10:47,Automatic,24.0,60.0
2021-04-01 18:15:42,Automatic,23.0,60.0
2021-04-01 18:20:45,Automatic,24.0,52.0
2021-04-01 18:25:52,Automatic,24.0,60.0
2021-04-01 18:30:44,Automatic,24.0,52.0
2021-04-01 18:34:39,Manual,24.0,52.0
2021-04-01 18:35:49,Automatic,24.0,60.0
2021-04-01 18:40:57,Automatic,24.0,60.0
2021-04-02 09:20:41,Automatic,23.0,46.0
2021-04-02 09:25:41,Automatic,24.0,42.0
2021-04-02 09:30:46,Automatic,25.0,46.0
2021-04-02 09:35:42,Automatic,25.0,46.0
2021-04-02 09:40:42,Automatic,25.0,36.0
2021-04-02 09:45:44,Automatic,26.0,38.0
2021-04-02 09:50:49,Automatic,26.0,45.0
2021-04-02 09:55:44,Automatic,26.0,37.0
2021-04-02 10:00:41,Automatic,26.0,43.0
2021-04-02 10:05:41,Automatic,26.0,36.0
2021-04-02 10:10:41,Automatic,26.0,36.0
2021-04-02 10:15:42,Automatic,26.0,39.0
2021-04-02 10:20:42,Automatic,26.0,37.0
2021-04-02 10:24:51,Manual,26.0,37.0
2021-04-02 10:25:42,Automatic,26.0,38.0
2021-04-02 10:30:44,Automatic,26.0,40.0
2021-04-02 10:35:44,Automatic,26.0,38.0
2021-04-02 10:40:49,Automatic,26.0,43.0
2021-04-02 10:45:41,Automatic,26.0,43.0
2021-04-02 10:50:41,Automatic,26.0,38.0
2021-04-02 10:55:03,Automatic,26.0,38.0
2021-04-02 11:00:03,Automatic,26.0,38.0
2021-04-02 11:05:03,Automatic,26.0,38.0
2021-04-02 11:10:03,Automatic,26.0,38.0
2021-04-02 11:15:03,Automatic,26.0,39.0
2021-04-02 11:20:08,Automatic,26.0,43.0
2021-04-02 11:25:03,Automatic,13.0,149.0
2021-04-07 09:25:06,Automatic,19.0,39.0
2021-04-07 09:26:08,Manual,19.0,52.0
2021-04-07 09:26:14,Manual,19.0,52.0
2021-04-07 09:26:19,Manual,19.0,52.0
2021-04-07 09:26:51,Manual,19.0,69.0
2021-04-07 09:27:00,Manual,22.0,95.0
2021-04-07 09:28:21,Manual,21.0,52.0
2021-04-07 09:40:03,Automatic,22.0,38.0
2021-04-07 09:45:03,Automatic,21.0,36.0
2021-04-07 09:50:44,Automatic,22.0,41.0
2021-04-07 10:00:47,Automatic,22.0,47.0
2021-04-07 10:01:02,Automatic,22.0,47.0
2021-04-07 10:05:04,Automatic,21.0,38.0
2021-04-07 10:10:07,Automatic,19.0,40.0
2021-04-07 10:15:04,Automatic,20.0,52.0
2021-04-07 10:20:07,Automatic,19.0,42.0
2021-04-07 10:25:04,Automatic,19.0,54.0
2021-04-07 10:30:09,Automatic,19.0,56.0
2021-04-07 10:35:04,Automatic,19.0,56.0
2021-04-07 10:40:04,Automatic,19.0,44.0
2021-04-07 10:45:03,Automatic,19.0,45.0
2021-04-07 10:50:03,Automatic,19.0,46.0
2021-04-07 10:55:07,Automatic,20.0,46.0
2021-04-07 11:00:06,Automatic,20.0,46.0
2021-04-07 11:05:03,Automatic,20.0,58.0
2021-04-07 11:10:03,Automatic,10.0,151.0
2021-04-07 11:15:06,Automatic,19.0,48.0
2021-04-07 11:20:04,Automatic,20.0,60.0
2021-04-07 11:25:04,Automatic,20.0,49.0
2021-04-07 11:30:09,Automatic,19.0,61.0
2021-04-07 11:35:09,Automatic,19.0,61.0
2021-04-07 11:40:07,Automatic,19.0,50.0
2021-04-07 11:45:04,Automatic,19.0,62.0
2021-04-07 11:50:09,Automatic,19.0,61.0
2021-04-07 11:55:08,Automatic,19.0,62.0
2021-04-07 12:00:11,Automatic,19.0,62.0
2021-04-07 12:05:29,Automatic,19.0,62.0
2021-04-07 12:10:14,Automatic,19.0,62.0
2021-04-07 13:05:44,Automatic,20.0,51.0
2021-04-07 13:10:04,Automatic,10.0,152.0
2021-04-07 13:15:14,Automatic,20.0,60.0
2021-04-07 13:20:04,Automatic,20.0,60.0
2021-04-07 13:25:04,Automatic,20.0,48.0
2021-04-07 13:30:14,Automatic,20.0,60.0
2021-04-07 13:35:08,Automatic,20.0,60.0
2021-04-07 13:40:03,Automatic,20.0,60.0
2021-04-07 13:45:03,Automatic,20.0,48.0
2021-04-07 13:50:04,Automatic,20.0,49.0
2021-04-07 13:55:04,Automatic,21.0,50.0
2021-04-07 14:00:09,Automatic,21.0,60.0
2021-04-07 14:05:04,Automatic,21.0,60.0
2021-04-07 14:10:04,Automatic,21.0,50.0
2021-04-07 14:15:04,Automatic,21.0,49.0
2021-04-07 14:20:11,Automatic,21.0,59.0
2021-04-07 14:25:06,Automatic,21.0,49.0
2021-04-07 14:30:14,Automatic,21.0,60.0
2021-04-07 14:35:04,Automatic,21.0,59.0
2021-04-07 14:40:04,Automatic,21.0,50.0
2021-04-07 14:45:11,Automatic,21.0,61.0
2021-04-07 14:50:03,Automatic,21.0,61.0
2021-04-07 14:55:06,Automatic,21.0,50.0
2021-04-07 15:00:04,Automatic,21.0,61.0
2021-04-07 15:05:04,Automatic,22.0,54.0
2021-04-07 15:10:04,Automatic,22.0,51.0
2021-04-07 15:15:04,Automatic,22.0,51.0
2021-04-07 15:20:04,Automatic,22.0,50.0
2021-04-07 15:25:04,Automatic,22.0,51.0
2021-04-07 15:30:04,Automatic,22.0,51.0
2021-04-07 15:35:04,Automatic,22.0,52.0
2021-04-07 15:40:09,Automatic,22.0,59.0
2021-04-07 15:45:04,Automatic,22.0,59.0
2021-04-07 15:50:04,Automatic,22.0,50.0
2021-04-07 15:55:04,Automatic,22.0,50.0
2021-04-07 16:00:04,Automatic,22.0,50.0
2021-04-07 16:05:04,Automatic,22.0,50.0
2021-04-07 16:10:06,Automatic,22.0,50.0
2021-04-07 16:15:07,Automatic,22.0,50.0
2021-04-07 16:20:04,Automatic,22.0,59.0
2021-04-07 16:25:04,Automatic,22.0,51.0
2021-04-07 16:30:03,Automatic,22.0,51.0
2021-04-07 16:35:06,Automatic,22.0,51.0
2021-04-07 16:40:04,Automatic,22.0,59.0
2021-04-07 16:45:04,Automatic,22.0,51.0
2021-04-07 16:50:04,Automatic,22.0,51.0
2021-04-07 16:55:11,Automatic,22.0,60.0
2021-04-07 17:00:03,Automatic,22.0,60.0
2021-04-07 17:05:06,Automatic,22.0,51.0
2021-04-07 17:10:04,Automatic,22.0,59.0
2021-04-07 17:15:06,Automatic,22.0,51.0
2021-04-07 17:20:03,Automatic,22.0,59.0
2021-04-07 17:25:03,Automatic,22.0,51.0
2021-04-07 17:30:03,Automatic,22.0,51.0
2021-04-07 17:35:06,Automatic,22.0,50.0
2021-04-07 17:40:04,Automatic,22.0,59.0
2021-04-07 17:45:04,Automatic,22.0,50.0
2021-04-07 17:50:03,Automatic,22.0,50.0
2021-04-07 17:55:06,Automatic,22.0,50.0
2021-04-07 18:00:04,Automatic,22.0,59.0
2021-04-07 18:05:04,Automatic,22.0,50.0
2021-04-07 18:10:04,Automatic,22.0,49.0
2021-04-07 18:15:04,Automatic,21.0,46.0
2021-04-07 18:20:09,Automatic,21.0,54.0
2021-04-07 18:25:04,Automatic,21.0,54.0
2021-04-07 18:30:04,Automatic,21.0,43.0
2021-04-07 18:35:09,Automatic,21.0,52.0
2021-04-09 16:19:31,Automatic,26.0,45.0
2021-04-09 16:20:17,Automatic,26.0,51.0
2021-04-09 16:25:04,Automatic,26.0,50.0
2021-04-09 16:35:06,Automatic,26.0,49.0
2021-04-09 16:40:03,Automatic,26.0,52.0
2021-04-12 10:00:05,Manual,19.0,68.0
2021-04-12 10:00:11,Automatic,19.0,68.0
2021-04-12 10:00:42,Manual,18.0,56.0
2021-04-12 10:04:33,Manual,18.0,58.0
2021-04-12 10:05:03,Automatic,18.0,72.0
2021-04-12 10:05:39,Manual,18.0,58.0
2021-04-12 10:06:02,Manual,18.0,58.0
2021-04-12 10:07:40,Manual,18.0,71.0
2021-04-12 10:07:57,Manual,18.0,59.0
2021-04-12 10:10:06,Automatic,17.0,57.0
2021-04-12 10:15:12,Automatic,17.0,71.0
2021-04-12 10:20:04,Automatic,18.0,72.0
2021-04-12 10:22:23,Manual,17.0,57.0
2021-04-12 10:23:07,Manual,18.0,71.0
2021-04-12 10:25:04,Automatic,18.0,71.0
2021-04-12 10:26:36,Manual,18.0,58.0
2021-04-12 10:29:50,Manual,18.0,58.0
2021-04-12 10:29:55,Manual,18.0,72.0
2021-04-12 10:30:04,Automatic,18.0,69.0
2021-04-12 10:35:03,Automatic,18.0,71.0
2021-04-12 10:38:37,Manual,18.0,58.0
2021-04-12 10:40:03,Automatic,18.0,71.0
2021-04-12 10:40:33,Manual,18.0,71.0
2021-04-12 10:41:54,Manual,18.0,71.0
2021-04-12 10:45:09,Automatic,18.0,70.0
2021-04-12 10:50:07,Automatic,18.0,57.0
2021-04-12 10:50:38,Manual,18.0,57.0
2021-04-12 10:55:09,Automatic,18.0,70.0
2021-04-12 11:00:06,Automatic,18.0,57.0
2021-04-12 11:05:04,Automatic,18.0,70.0
2021-04-12 11:10:04,Automatic,18.0,56.0
2021-04-12 11:15:04,Automatic,18.0,55.0
2021-04-12 11:20:06,Automatic,18.0,55.0
2021-04-12 11:25:06,Automatic,17.0,54.0
2021-04-12 11:30:03,Automatic,17.0,68.0
2021-04-12 11:35:03,Automatic,17.0,56.0
2021-04-12 11:40:06,Automatic,17.0,55.0
2021-04-12 11:45:03,Automatic,17.0,70.0
2021-04-12 11:50:03,Automatic,18.0,56.0
2021-04-12 11:55:03,Automatic,19.0,59.0
2021-04-12 12:00:03,Automatic,19.0,54.0
2021-04-12 12:05:03,Automatic,19.0,55.0
2021-04-12 12:10:06,Automatic,19.0,56.0
2021-04-12 12:15:04,Automatic,19.0,69.0
2021-04-12 12:20:04,Automatic,19.0,55.0
2021-04-12 12:25:04,Automatic,19.0,54.0
2021-04-12 12:30:06,Automatic,19.0,54.0
2021-04-12 12:35:07,Automatic,19.0,53.0
2021-04-12 12:40:03,Automatic,19.0,66.0
2021-04-12 12:45:06,Automatic,19.0,53.0
2021-04-12 12:50:04,Automatic,19.0,66.0
2021-04-12 12:55:04,Automatic,19.0,53.0
2021-04-12 13:00:04,Automatic,19.0,53.0
2021-04-12 13:05:04,Automatic,19.0,53.0
2021-04-12 13:10:04,Automatic,19.0,53.0
2021-04-12 13:15:09,Automatic,19.0,66.0
2021-04-12 13:20:04,Automatic,19.0,66.0
2021-04-12 13:25:04,Automatic,19.0,54.0
2021-04-12 13:30:03,Automatic,19.0,53.0
2021-04-12 13:35:03,Automatic,19.0,54.0
2021-04-12 13:40:03,Automatic,19.0,53.0
2021-04-12 13:45:03,Automatic,19.0,53.0
2021-04-12 13:50:03,Automatic,19.0,53.0
2021-04-12 13:55:03,Automatic,19.0,53.0
2021-04-12 14:00:04,Automatic,19.0,54.0
2021-04-12 14:06:11,Automatic,19.0,65.0
2021-04-12 14:10:12,Automatic,19.0,65.0
2021-04-12 14:15:06,Automatic,19.0,53.0
2021-04-12 14:16:31,Manual,19.0,65.0
2021-04-12 14:20:06,Automatic,19.0,53.0
2021-04-12 14:25:04,Automatic,19.0,65.0
2021-04-12 14:30:07,Automatic,19.0,54.0
2021-04-12 14:35:04,Automatic,19.0,66.0
2021-04-12 14:40:04,Automatic,19.0,54.0
2021-04-12 14:45:09,Automatic,20.0,68.0
2021-04-12 14:50:03,Automatic,20.0,68.0
2021-04-12 14:55:03,Automatic,20.0,61.0
2021-04-12 15:00:16,Automatic,20.0,65.0
2021-04-12 15:03:42,Manual,20.0,65.0
2021-04-12 15:05:03,Automatic,20.0,65.0
2021-04-12 15:10:11,Automatic,20.0,65.0
2021-04-12 15:15:07,Automatic,20.0,54.0
2021-04-12 15:20:09,Automatic,20.0,61.0
2021-04-12 15:24:09,Manual,20.0,63.0
2021-04-12 15:25:09,Automatic,20.0,64.0
2021-04-12 15:30:06,Automatic,19.0,54.0
2021-04-12 15:35:06,Automatic,19.0,55.0
2021-04-12 15:40:04,Automatic,19.0,68.0
2021-04-12 15:45:04,Automatic,19.0,56.0
2021-04-12 15:50:04,Automatic,19.0,55.0
2021-04-12 15:55:09,Automatic,19.0,66.0
2021-04-12 16:00:04,Automatic,19.0,66.0
2021-04-12 16:05:04,Automatic,19.0,53.0
2021-04-12 16:10:12,Automatic,19.0,66.0
2021-04-12 16:15:06,Automatic,19.0,55.0
2021-04-12 16:20:03,Automatic,19.0,67.0
2021-04-12 16:25:24,Automatic,19.0,67.0
2021-04-12 16:30:11,Automatic,19.0,67.0
2021-04-12 16:35:03,Automatic,19.0,67.0
2021-04-12 16:40:03,Automatic,19.0,54.0
2021-04-12 16:45:04,Automatic,19.0,54.0
2021-04-12 16:50:06,Automatic,19.0,54.0
2021-04-12 16:55:14,Automatic,19.0,67.0
2021-04-12 17:00:04,Automatic,19.0,67.0
2021-04-12 17:05:06,Automatic,19.0,54.0
2021-04-12 17:10:08,Automatic,19.0,67.0
2021-04-12 17:15:06,Automatic,19.0,55.0
2021-04-12 17:20:03,Automatic,19.0,67.0
2021-04-12 17:25:03,Automatic,19.0,54.0
2021-04-12 17:30:16,Automatic,19.0,70.0
2021-04-12 17:35:03,Automatic,19.0,70.0
2021-04-12 17:40:03,Automatic,19.0,58.0
2021-04-12 17:45:06,Automatic,19.0,60.0
2021-04-12 17:50:09,Automatic,19.0,74.0
2021-04-12 17:55:04,Automatic,19.0,74.0
2021-04-12 18:00:06,Automatic,20.0,61.0
2021-04-12 18:05:04,Automatic,20.0,72.0
2021-04-12 18:10:06,Automatic,21.0,68.0
2021-04-12 18:15:03,Automatic,21.0,79.0
2021-04-12 18:20:04,Automatic,21.0,66.0
2021-04-12 18:25:04,Automatic,21.0,69.0
2021-04-12 18:30:04,Automatic,21.0,69.0
2021-04-12 18:35:06,Automatic,19.0,51.0
2021-04-12 18:40:03,Automatic,19.0,64.0
2021-04-12 18:45:03,Automatic,18.0,52.0
2021-04-12 18:50:14,Automatic,19.0,67.0
2021-04-12 18:55:04,Automatic,19.0,67.0
2021-04-12 19:00:04,Automatic,19.0,54.0
2021-04-12 19:05:06,Automatic,19.0,54.0
2021-04-12 19:10:03,Automatic,19.0,66.0
2021-04-12 19:15:11,Automatic,19.0,66.0
2021-04-12 19:20:06,Automatic,19.0,55.0
2021-04-12 19:25:04,Automatic,19.0,67.0
2021-04-12 19:30:04,Automatic,20.0,53.0
2021-04-12 19:35:08,Automatic,20.0,66.0
2021-04-12 19:40:03,Automatic,20.0,65.0
2021-04-12 19:45:03,Automatic,21.0,56.0
2021-04-12 19:50:03,Automatic,21.0,55.0
2021-04-12 19:55:06,Automatic,20.0,53.0
2021-04-12 20:00:09,Automatic,21.0,65.0
2021-04-12 20:05:03,Automatic,21.0,65.0
2021-04-12 20:10:03,Automatic,21.0,55.0
2021-04-12 20:15:03,Automatic,21.0,57.0
2021-04-12 20:20:06,Automatic,21.0,54.0
2021-04-12 20:25:04,Automatic,21.0,65.0
2021-04-12 20:30:08,Automatic,20.0,65.0
2021-04-12 20:35:06,Automatic,20.0,53.0
2021-04-12 20:40:04,Automatic,20.0,64.0
2021-04-12 20:45:07,Automatic,20.0,53.0
2021-04-12 20:50:04,Automatic,20.0,64.0
2021-04-12 20:55:04,Automatic,20.0,53.0
2021-04-12 21:10:06,Automatic,15.0,58.0
2021-04-12 21:15:12,Automatic,15.0,77.0
2021-04-13 10:45:05,Automatic,16.0,59.0
2021-04-13 10:50:06,Automatic,17.0,52.0
2021-04-13 10:55:04,Automatic,17.0,67.0
2021-04-13 11:00:04,Automatic,17.0,51.0
2021-04-13 11:05:08,Automatic,18.0,66.0
2021-04-13 11:10:09,Automatic,18.0,65.0
2021-04-13 11:15:12,Automatic,18.0,66.0
2021-04-13 11:20:04,Automatic,18.0,66.0
2021-04-13 11:25:03,Automatic,18.0,51.0
2021-04-13 11:30:08,Automatic,18.0,65.0
2021-04-13 11:35:11,Automatic,18.0,65.0
2021-04-13 11:40:09,Automatic,18.0,65.0
2021-04-13 11:45:03,Automatic,18.0,65.0
2021-04-13 11:50:06,Automatic,18.0,51.0
2021-04-13 11:55:04,Automatic,18.0,65.0
2021-04-13 12:00:04,Automatic,18.0,51.0
2021-04-13 12:05:04,Automatic,18.0,52.0
2021-04-13 12:10:04,Automatic,18.0,52.0
2021-04-13 12:15:05,Automatic,17.0,54.0
2021-04-13 12:20:03,Automatic,19.0,45.0
2021-04-14 11:25:06,Automatic,19.0,43.0
2021-04-14 11:30:06,Automatic,20.0,42.0
2021-04-14 11:35:04,Automatic,20.0,54.0
2021-04-14 11:40:04,Automatic,20.0,42.0
2021-04-14 11:45:09,Automatic,20.0,53.0
2021-04-14 11:50:04,Automatic,20.0,53.0
2021-04-14 11:55:06,Automatic,20.0,41.0
2021-04-14 12:00:04,Automatic,20.0,52.0
2021-04-14 12:05:04,Automatic,20.0,41.0
2021-04-14 12:10:04,Automatic,20.0,41.0
2021-04-14 12:15:04,Automatic,20.0,41.0
2021-04-14 12:20:16,Automatic,20.0,53.0
2021-04-14 12:25:04,Automatic,20.0,53.0
2021-04-14 12:30:06,Automatic,20.0,41.0
2021-04-14 12:35:17,Automatic,21.0,52.0
2021-04-14 12:40:06,Automatic,21.0,41.0
2021-04-14 12:45:14,Automatic,21.0,52.0
2021-04-14 12:50:04,Automatic,21.0,52.0
2021-04-14 12:55:07,Automatic,21.0,41.0
2021-04-14 13:00:19,Automatic,21.0,51.0
2021-04-14 13:05:04,Automatic,21.0,51.0
2021-04-14 13:10:09,Automatic,21.0,51.0
2021-04-14 13:15:06,Automatic,21.0,40.0
2021-04-14 13:20:03,Automatic,21.0,51.0
2021-04-14 13:25:03,Automatic,21.0,41.0
2021-04-14 13:30:04,Automatic,21.0,41.0
2021-04-14 13:35:16,Automatic,21.0,51.0
2021-04-14 13:40:09,Automatic,21.0,51.0
2021-04-14 13:44:49,Manual,21.0,51.0
2021-04-14 13:45:04,Automatic,21.0,51.0
2021-04-14 13:50:12,Automatic,21.0,52.0
2021-04-14 13:55:04,Automatic,21.0,51.0
2021-04-14 14:00:04,Automatic,22.0,54.0
2021-04-14 14:05:04,Automatic,22.0,52.0
2021-04-14 14:10:19,Automatic,22.0,39.0
2021-04-14 14:15:09,Automatic,22.0,53.0
2021-04-14 14:20:04,Automatic,22.0,52.0
2021-04-14 14:25:04,Automatic,11.0,149.0
2021-04-14 14:30:04,Automatic,22.0,42.0
2021-04-14 14:35:08,Automatic,22.0,52.0
2021-04-14 14:40:11,Automatic,21.0,51.0
2021-04-14 14:45:07,Automatic,22.0,42.0
2021-04-14 14:50:12,Automatic,22.0,52.0
2021-04-14 14:55:04,Automatic,22.0,52.0
2021-04-14 15:00:04,Automatic,22.0,42.0
2021-04-14 15:05:07,Automatic,22.0,42.0
2021-04-14 15:10:06,Automatic,22.0,42.0
2021-04-14 15:15:07,Automatic,22.0,42.0
2021-04-14 15:20:08,Automatic,22.0,53.0
2021-04-14 15:25:11,Automatic,22.0,53.0
2021-04-14 15:30:06,Automatic,22.0,48.0
2021-04-14 15:35:06,Automatic,22.0,42.0
2021-04-14 15:40:04,Automatic,22.0,52.0
2021-04-14 15:45:14,Automatic,22.0,51.0
2021-04-14 15:50:07,Automatic,22.0,40.0
2021-04-14 15:55:04,Automatic,22.0,50.0
2021-04-14 16:00:09,Automatic,22.0,50.0
2021-04-14 16:05:03,Automatic,22.0,50.0
2021-04-14 16:10:16,Automatic,22.0,50.0
2021-04-14 16:15:03,Automatic,22.0,50.0
2021-04-14 16:20:19,Automatic,22.0,51.0
2021-04-14 16:25:03,Automatic,22.0,51.0
2021-04-14 16:30:24,Automatic,22.0,51.0
2021-04-14 16:35:04,Automatic,22.0,51.0
2021-04-14 16:40:08,Automatic,22.0,51.0
2021-04-14 16:45:03,Automatic,22.0,50.0
2021-04-14 16:50:14,Automatic,22.0,51.0
2021-04-14 16:55:35,Automatic,22.0,51.0
2021-04-14 17:00:06,Automatic,22.0,52.0
2021-04-14 17:05:04,Automatic,22.0,51.0
2021-04-14 17:10:07,Automatic,11.0,148.0
2021-04-14 17:15:17,Automatic,22.0,51.0
2021-04-14 17:20:09,Automatic,22.0,52.0
2021-04-14 17:25:17,Automatic,22.0,52.0
2021-04-14 17:30:24,Automatic,22.0,52.0
2021-04-14 17:35:16,Automatic,22.0,52.0
2021-04-14 17:40:09,Automatic,22.0,51.0
2021-04-14 17:45:03,Automatic,22.0,51.0
2021-04-14 17:50:03,Automatic,22.0,42.0
2021-04-14 17:55:03,Automatic,22.0,42.0
2021-04-14 18:00:03,Automatic,22.0,41.0
2021-04-14 18:05:03,Automatic,22.0,52.0
2021-04-14 18:10:03,Automatic,22.0,42.0
2021-04-14 18:15:04,Automatic,22.0,51.0
2021-04-14 18:20:04,Automatic,22.0,49.0
2021-04-14 18:25:04,Automatic,22.0,40.0
2021-04-14 18:30:11,Automatic,22.0,51.0
2021-04-14 18:35:09,Automatic,22.0,50.0
2021-04-14 18:40:04,Automatic,22.0,50.0
2021-04-14 18:45:04,Automatic,22.0,40.0
2021-04-14 18:50:04,Automatic,22.0,50.0
2021-04-14 21:15:04,Automatic,19.0,64.0
2021-04-14 21:20:07,Automatic,18.0,51.0
2021-04-14 21:25:06,Automatic,17.0,51.0
2021-04-14 21:30:03,Automatic,17.0,66.0
2021-04-14 21:35:18,Automatic,17.0,68.0
2021-04-14 21:40:04,Automatic,17.0,68.0
2021-04-14 21:45:04,Automatic,17.0,52.0
2021-04-14 21:50:04,Automatic,17.0,53.0
2021-04-14 21:55:06,Automatic,17.0,53.0
2021-04-14 22:00:04,Automatic,17.0,68.0
2021-04-14 22:05:06,Automatic,17.0,56.0
2021-04-14 22:10:03,Automatic,17.0,72.0
2021-04-14 22:15:08,Automatic,16.0,72.0
2021-04-14 22:20:09,Automatic,16.0,73.0
2021-04-14 22:28:18,Manual,16.0,74.0
2021-04-14 22:28:20,Manual,16.0,57.0
2021-04-14 22:30:06,Automatic,16.0,57.0
2021-04-14 22:35:04,Automatic,16.0,73.0
2021-04-14 22:40:04,Automatic,16.0,57.0
2021-04-14 22:45:04,Automatic,16.0,52.0
2021-04-14 22:50:17,Automatic,15.0,67.0
2021-04-14 22:55:06,Automatic,15.0,50.0
2021-04-15 09:05:04,Automatic,16.0,51.0
2021-04-15 09:10:04,Automatic,20.0,44.0
2021-04-15 09:15:07,Automatic,20.0,43.0
2021-04-15 09:20:04,Automatic,20.0,57.0
2021-04-15 09:25:09,Automatic,20.0,47.0
2021-04-15 09:35:06,Automatic,21.0,45.0
2021-04-15 09:40:06,Automatic,21.0,44.0
2021-04-15 09:45:04,Automatic,21.0,55.0
2021-04-15 09:50:06,Automatic,21.0,44.0
2021-04-15 09:55:04,Automatic,21.0,54.0
2021-04-15 10:00:06,Automatic,22.0,45.0
2021-04-15 10:05:12,Automatic,22.0,56.0
2021-04-15 10:15:06,Automatic,22.0,44.0
2021-04-15 10:20:04,Automatic,22.0,54.0
2021-04-15 10:25:03,Automatic,22.0,44.0
2021-04-15 10:30:03,Automatic,22.0,44.0
2021-04-15 10:35:04,Automatic,22.0,45.0
2021-04-15 10:38:55,Manual,22.0,53.0
2021-04-15 10:40:06,Automatic,22.0,44.0
2021-04-15 10:45:03,Automatic,22.0,54.0
2021-04-15 10:50:04,Automatic,22.0,43.0
2021-04-15 10:55:06,Automatic,23.0,43.0
2021-04-15 11:00:06,Automatic,23.0,41.0
2021-04-15 11:05:06,Automatic,23.0,40.0
2021-04-15 11:10:09,Automatic,23.0,39.0
2021-04-15 11:15:11,Automatic,23.0,48.0
2021-04-15 11:20:04,Automatic,24.0,47.0
2021-04-15 11:25:03,Automatic,23.0,39.0
2021-04-15 11:30:04,Automatic,23.0,39.0
2021-04-15 11:35:12,Automatic,24.0,49.0
2021-04-15 11:40:04,Automatic,24.0,40.0
2021-04-15 11:45:37,Automatic,24.0,37.0
2021-04-15 11:55:03,Automatic,12.0,147.0
2021-04-15 12:10:03,Automatic,24.0,36.0
2021-04-15 12:15:29,Automatic,24.0,36.0
2021-04-15 12:30:24,Automatic,25.0,36.0
2021-04-15 17:20:04,Automatic,23.0,36.0
2021-04-16 09:40:34,Automatic,24.0,30.0
2021-04-16 09:45:03,Automatic,24.0,30.0
2021-04-16 09:50:03,Automatic,24.0,29.0
2021-04-16 10:15:03,Automatic,25.0,28.0
2021-04-16 11:10:04,Automatic,26.0,36.0
2021-04-16 11:15:04,Automatic,26.0,31.0
2021-04-16 11:20:04,Automatic,25.0,31.0
2021-04-16 11:25:04,Automatic,25.0,30.0
2021-04-16 11:30:04,Automatic,25.0,31.0
2021-04-16 11:35:04,Automatic,25.0,30.0
2021-04-16 11:40:04,Automatic,25.0,31.0
2021-04-16 11:45:04,Automatic,26.0,31.0
2021-04-16 11:50:04,Automatic,25.0,31.0
2021-04-16 11:55:04,Automatic,25.0,31.0
2021-04-16 12:00:14,Automatic,25.0,38.0
2021-04-16 12:05:04,Automatic,25.0,38.0
2021-04-16 12:06:49,Manual,25.0,32.0
2021-04-16 12:09:48,Manual,25.0,38.0
2021-04-16 12:09:53,Manual,26.0,32.0
2021-04-16 12:10:04,Automatic,26.0,33.0
2021-04-16 12:15:03,Automatic,26.0,32.0
2021-04-16 12:20:03,Automatic,26.0,31.0
2021-04-16 12:25:03,Automatic,26.0,32.0
2021-04-16 12:30:03,Automatic,26.0,31.0
2021-04-16 12:35:03,Automatic,26.0,32.0
2021-04-16 12:40:03,Automatic,26.0,32.0
2021-04-16 12:45:06,Automatic,26.0,32.0
2021-04-16 12:50:04,Automatic,26.0,37.0
2021-04-16 12:55:06,Automatic,26.0,31.0
2021-04-16 13:00:03,Automatic,26.0,37.0
2021-04-16 13:05:03,Automatic,26.0,31.0
2021-04-16 13:10:03,Automatic,26.0,32.0
2021-04-16 13:15:04,Automatic,26.0,33.0
2021-04-16 13:20:04,Automatic,26.0,32.0
2021-04-16 13:25:04,Automatic,26.0,32.0
2021-04-16 13:30:04,Automatic,25.0,30.0
2021-04-16 13:35:04,Automatic,25.0,29.0
2021-04-16 13:40:04,Automatic,25.0,29.0
2021-04-16 13:45:04,Automatic,25.0,30.0
2021-04-16 13:50:04,Automatic,25.0,28.0
2021-04-16 13:55:04,Automatic,25.0,28.0
2021-04-16 14:00:04,Automatic,25.0,27.0
2021-04-16 14:05:04,Automatic,25.0,27.0
2021-04-16 14:10:04,Automatic,25.0,26.0
2021-04-16 14:15:04,Automatic,26.0,26.0
2021-04-16 14:20:04,Automatic,26.0,26.0
2021-04-16 14:20:56,Manual,26.0,26.0
2021-04-16 14:20:58,Manual,26.0,25.0
2021-04-16 14:22:26,Manual,26.0,31.0
2021-04-16 14:22:46,Manual,26.0,26.0
2021-04-16 14:22:51,Manual,26.0,25.0
2021-04-16 14:23:18,Manual,26.0,26.0
2021-04-16 14:23:20,Manual,26.0,26.0
2021-04-16 14:23:24,Manual,26.0,32.0
2021-04-16 14:23:26,Manual,26.0,28.0
2021-04-16 14:23:28,Manual,26.0,32.0
2021-04-16 14:23:31,Manual,26.0,31.0
2021-04-16 14:23:33,Manual,26.0,31.0
2021-04-16 14:45:04,Automatic,26.0,24.0
2021-04-16 14:50:06,Automatic,26.0,27.0
2021-04-16 14:55:03,Automatic,26.0,33.0
2021-04-16 15:00:14,Automatic,26.0,33.0
2021-04-16 15:05:04,Automatic,26.0,33.0
2021-04-16 15:10:04,Automatic,26.0,28.0
2021-04-16 15:13:55,Manual,13.0,142.0
2021-04-16 15:13:57,Manual,26.0,28.0
2021-04-16 15:14:07,Manual,13.0,145.0
2021-04-16 15:14:09,Manual,26.0,28.0
2021-04-16 15:14:16,Manual,26.0,33.0
2021-04-16 15:14:19,Manual,27.0,33.0
2021-04-16 15:15:04,Automatic,27.0,31.0
2021-04-16 15:15:54,Manual,27.0,32.0
2021-04-16 15:15:57,Manual,27.0,32.0
2021-04-16 15:15:59,Manual,27.0,31.0
2021-04-16 15:17:07,Manual,27.0,34.0
2021-04-16 15:17:36,Manual,26.0,28.0
2021-04-16 15:18:22,Manual,26.0,28.0
2021-04-16 15:20:03,Automatic,26.0,28.0
2021-04-16 15:23:42,Manual,26.0,34.0
2021-04-16 15:25:03,Automatic,26.0,34.0
2021-04-16 15:30:06,Automatic,27.0,28.0
2021-04-16 15:32:58,Manual,27.0,32.0
2021-04-16 15:33:02,Manual,26.0,28.0
2021-04-16 15:35:04,Automatic,26.0,30.0
2021-04-16 15:40:04,Automatic,26.0,28.0
2021-04-16 15:45:32,Automatic,26.0,29.0
2021-04-16 15:50:04,Automatic,26.0,35.0
2021-04-16 15:55:04,Automatic,26.0,28.0
2021-04-16 15:55:40,Manual,26.0,33.0
2021-04-16 16:00:04,Automatic,26.0,33.0
2021-04-16 16:07:34,Manual,27.0,32.0
2021-04-16 16:07:39,Manual,27.0,31.0
2021-04-16 16:07:42,Manual,27.0,38.0
2021-04-16 16:09:16,Manual,27.0,35.0
2021-04-16 16:10:03,Automatic,26.0,30.0
2021-04-16 16:15:04,Automatic,26.0,30.0
2021-04-16 16:22:45,Manual,27.0,40.0
2021-04-16 16:45:14,Automatic,26.0,28.0
2021-04-16 16:45:44,Manual,26.0,26.0
2021-04-16 16:45:51,Manual,26.0,36.0
2021-04-16 16:46:11,Manual,26.0,33.0
2021-04-16 16:46:14,Manual,26.0,32.0
2021-04-16 16:46:17,Manual,26.0,31.0
2021-04-16 16:46:23,Manual,26.0,31.0
2021-04-16 16:50:04,Automatic,26.0,32.0
2021-04-16 16:55:03,Automatic,26.0,28.0
2021-04-16 16:55:22,Manual,26.0,37.0
2021-04-16 16:58:35,Manual,26.0,35.0
2021-04-16 17:02:56,Manual,27.0,38.0
2021-04-16 17:04:29,Manual,27.0,40.0
2021-04-16 17:05:06,Automatic,27.0,29.0
2021-04-19 11:17:53,Manual,22.0,54.0
2021-04-19 11:20:03,Automatic,22.0,51.0
2021-04-19 11:25:06,Automatic,22.0,58.0
2021-04-19 11:25:09,Manual,22.0,58.0
2021-04-19 11:30:09,Automatic,22.0,61.0
2021-04-19 11:35:12,Automatic,22.0,61.0
2021-04-19 11:38:11,Manual,22.0,62.0
2021-04-19 11:38:31,Manual,22.0,51.0
2021-04-19 11:40:04,Automatic,22.0,61.0
2021-04-19 11:41:41,Manual,11.0,153.0
2021-04-19 11:41:47,Manual,22.0,52.0
2021-04-19 11:45:04,Automatic,22.0,54.0
2021-04-19 11:50:04,Automatic,22.0,52.0
2021-04-19 11:55:04,Automatic,22.0,52.0
2021-04-19 12:05:04,Automatic,22.0,50.0
2021-04-19 12:10:04,Automatic,22.0,52.0
2021-04-19 12:15:09,Automatic,22.0,61.0
2021-04-19 12:20:03,Automatic,22.0,61.0
2021-04-19 12:25:08,Automatic,22.0,62.0
2021-04-19 12:30:03,Automatic,22.0,62.0
2021-04-19 12:35:03,Automatic,11.0,154.0
2021-04-19 12:40:07,Automatic,22.0,53.0
2021-04-19 12:50:03,Automatic,23.0,50.0
2021-04-19 12:55:03,Automatic,22.0,52.0
2021-04-19 13:00:04,Automatic,22.0,53.0
2021-04-19 13:05:03,Automatic,22.0,51.0
2021-04-19 13:10:03,Automatic,22.0,51.0
2021-04-19 13:15:03,Automatic,21.0,49.0
2021-04-19 13:20:11,Automatic,21.0,59.0
2021-04-19 13:25:04,Automatic,21.0,59.0
2021-04-19 13:30:04,Automatic,21.0,49.0
2021-04-19 13:35:04,Automatic,21.0,49.0
2021-04-19 13:40:04,Automatic,21.0,48.0
2021-04-19 13:45:06,Automatic,21.0,47.0
2021-04-19 13:50:03,Automatic,21.0,58.0
2021-04-19 13:55:04,Automatic,21.0,48.0
2021-04-19 14:00:04,Automatic,21.0,48.0
2021-04-19 14:05:04,Automatic,10.0,152.0
2021-04-19 14:08:03,Manual,21.0,48.0
2021-04-19 14:10:04,Automatic,21.0,50.0
2021-04-19 14:15:06,Automatic,21.0,48.0
2021-04-19 14:20:03,Automatic,21.0,58.0
2021-04-19 14:20:54,Manual,22.0,49.0
2021-04-19 14:22:59,Manual,22.0,49.0
2021-04-19 14:25:03,Automatic,22.0,59.0
2021-04-19 14:30:03,Automatic,22.0,49.0
2021-04-19 14:33:03,Manual,22.0,50.0
2021-04-19 14:33:41,Manual,22.0,50.0
2021-04-19 14:33:59,Manual,22.0,61.0
2021-04-19 14:35:06,Automatic,22.0,50.0
2021-04-19 14:40:04,Automatic,22.0,61.0
2021-04-19 14:45:09,Automatic,22.0,61.0
2021-04-19 14:50:04,Automatic,22.0,61.0
2021-04-19 14:55:04,Automatic,22.0,50.0
2021-04-19 15:00:04,Automatic,22.0,51.0
2021-04-19 15:05:04,Automatic,22.0,51.0
2021-04-19 15:10:09,Automatic,23.0,61.0
2021-04-19 15:15:04,Automatic,23.0,60.0
2021-04-19 15:27:53,Manual,23.0,54.0
2021-04-19 15:28:15,Manual,12.0,159.0
2021-04-19 15:28:21,Manual,24.0,50.0
2021-04-19 15:30:07,Automatic,24.0,49.0
2021-04-19 15:35:09,Automatic,23.0,59.0
2021-04-19 15:40:06,Automatic,23.0,52.0
2021-04-19 15:41:42,Manual,23.0,60.0
2021-04-19 15:45:03,Automatic,23.0,52.0
2021-04-19 15:50:03,Automatic,23.0,52.0
2021-04-19 15:52:56,Manual,23.0,53.0
2021-04-19 15:54:20,Manual,23.0,61.0
2021-04-19 15:54:52,Manual,23.0,61.0
2021-04-19 15:55:05,Manual,23.0,61.0
2021-04-19 15:55:24,Automatic,23.0,61.0
2021-04-19 16:00:04,Automatic,23.0,61.0
2021-04-19 16:05:04,Automatic,23.0,53.0
2021-04-19 16:10:04,Automatic,23.0,53.0
2021-04-19 16:15:04,Automatic,23.0,53.0
2021-04-19 16:20:04,Automatic,23.0,54.0
2021-04-19 16:25:04,Automatic,23.0,54.0
2021-04-19 16:26:47,Manual,23.0,60.0
2021-04-19 16:28:15,Manual,23.0,60.0
2021-04-19 16:30:04,Automatic,24.0,53.0
2021-04-19 16:35:04,Automatic,24.0,58.0
2021-04-19 16:40:04,Automatic,25.0,56.0
2021-04-19 16:45:09,Automatic,24.0,58.0
2021-04-19 16:50:03,Automatic,24.0,58.0
2021-04-19 16:55:03,Automatic,24.0,51.0
2021-04-19 17:00:08,Automatic,24.0,60.0
2021-04-19 17:05:03,Automatic,24.0,60.0
2021-04-19 17:15:04,Automatic,25.0,51.0
2021-04-19 17:20:06,Automatic,24.0,53.0
2021-04-19 17:35:08,Automatic,25.0,58.0
2021-04-19 17:40:11,Automatic,25.0,59.0
2021-04-19 17:45:06,Automatic,25.0,52.0
2021-04-19 17:50:03,Automatic,25.0,59.0
2021-04-19 17:55:04,Automatic,25.0,53.0
2021-04-19 18:00:06,Automatic,12.0,155.0
2021-04-19 18:04:07,Manual,24.0,61.0
2021-04-19 18:05:06,Automatic,25.0,54.0
2021-04-19 18:15:04,Automatic,25.0,60.0
2021-04-19 18:20:04,Automatic,25.0,60.0
2021-04-19 18:25:04,Automatic,25.0,54.0
2021-04-19 18:30:06,Automatic,25.0,55.0
2021-04-19 18:35:09,Automatic,25.0,62.0
2021-04-19 18:40:04,Automatic,25.0,62.0
2021-04-19 18:45:11,Automatic,24.0,65.0
2021-04-19 18:55:09,Automatic,24.0,66.0
2021-04-19 19:00:14,Automatic,25.0,55.0
2021-04-19 19:05:04,Automatic,25.0,54.0
2021-04-19 19:20:04,Automatic,24.0,56.0
2021-04-19 19:25:04,Automatic,24.0,55.0
2021-04-19 19:30:09,Automatic,24.0,65.0
2021-04-19 19:35:24,Automatic,25.0,62.0
2021-04-19 19:40:04,Automatic,25.0,62.0
2021-04-20 18:25:06,Automatic,25.0,51.0
2021-04-20 18:26:39,Manual,25.0,56.0
2021-04-20 18:27:17,Manual,25.0,53.0
2021-04-20 18:30:05,Manual,25.0,56.0
2021-04-20 18:30:08,Automatic,25.0,56.0
2021-04-20 18:31:26,Manual,25.0,50.0
2021-04-20 18:32:43,Manual,25.0,55.0
2021-04-20 18:32:58,Manual,25.0,56.0
2021-04-20 18:33:23,Manual,25.0,56.0
2021-04-20 18:33:26,Manual,25.0,56.0
2021-04-20 18:34:04,Manual,25.0,56.0
2021-04-20 18:34:22,Manual,27.0,95.0
2021-04-20 18:34:28,Manual,27.0,95.0
2021-04-20 18:34:33,Manual,27.0,95.0
2021-04-20 18:34:51,Manual,26.0,95.0
2021-04-20 18:35:24,Automatic,25.0,62.0
2021-04-20 18:40:13,Automatic,25.0,57.0
